{
  "name": "Researcher Codespace",
  "build": {
    "dockerfile": "Dockerfile"
  },
  "customizations": {
    "vscode": {
      "extensions": [
        "ms-python.python",
        "ms-python.vscode-pylance",
        "ms-toolsai.jupyter",
        "yzhang.markdown-all-in-one"
      ],
      "settings": {
        "python.defaultInterpreterPath": "/usr/local/bin/python",
        "terminal.integrated.defaultProfile.linux": "bash"
      }
    }
  },
  "postCreateCommand": "pip install -r requirements.txt",
  "remoteUser": "vscode",
  "features": {}
}